<?xml version="1.0" encoding="UTF-8"?>
<?xml-model href="http://www.tei-c.org/release/xml/tei/custom/schema/relaxng/tei_all.rng" type="application/xml" schematypens="http://relaxng.org/ns/structure/1.0"?>
<?xml-model href="http://www.tei-c.org/release/xml/tei/custom/schema/relaxng/tei_all.rng" type="application/xml"
	schematypens="http://purl.oclc.org/dsdl/schematron"?>
<TEI xmlns="http://www.tei-c.org/ns/1.0">
   <teiHeader>
      <fileDesc>
         <titleStmt>
            <title>Lettre des Quatre-Ministraux de Neuchâtel aux doyens ministres &amp; professeurs
               de l’Eglise du 19 mars 1605</title>
            <author>Quatre-Ministraux de Neuchâtel</author>
         </titleStmt>
         <publicationStmt>
            <publisher>Raphaël Rollinet</publisher>
            <publisher>Romain Margaron</publisher>
            <authority>Université de Neuchâtel (UNINE)</authority>
            <availability>
               <licence target="https://creativecommons.org/licenses/by/4.0/legalcode.txt">CC-BY</licence>
            </availability>
            <date>2025</date>
         </publicationStmt>
         <sourceDesc>
            <msDesc>
               <msIdentifier>
                  <repository>Archives de la ville de Neuchâtel (AVN)</repository>
                  <idno>GA-VV.3.11r/11v/12r</idno>
               </msIdentifier>
               <physDesc>
                  <objectDesc><p>2 folios de correspondance en parchemin</p></objectDesc>
               </physDesc>
               <history>
                  <origin>
                     <p>Correspondance écrite le <date when="1605-03-19">19 mars 1605</date> à <placeName key="http://www.geonames.org/2659811">Neuchâtel</placeName></p>
                  </origin>
               </history>
            </msDesc>
         </sourceDesc>
      </fileDesc>
      <encodingDesc>
         <projectDesc>
            <p> Ce document a été encodé dans le cadre du cours de paléographie et de TEI à l'Université de Neuchâtel visant à transcrire
               et analyser des lettres manuscrites anciennes.</p>
         </projectDesc>
         <editorialDecl>
            <p>Orthographe et grammaire : Maintien de l’orthographe originale (y compris les
               variations et archaïsmes) sans modernisation.</p>
            <p>Accents toniques ou utiles à la compréhension ajoutés selon les besoins</p>
            <p>Date : Les dates sont encodées avec l’élément "date" et un attribut
               "when" pour indiquer la date en format ISO (AAAA-MM-JJ). La date du 19 mars 1605 selon l'ancien système (a.st.), 
               correspond au 29 mars 1605 du nouveau système (n.st.)</p>
            <segmentation>
               <p>Chaque page est segmentée par une "div" et un xml id correspondant à la cote du folio.</p>
               <p>Paragraphes : les paragraphes du texte original sont respectés</p>
               <p>Mise en page : Les sauts de ligne dans le texte original sont indiqués par l’élément
                  "lb" afin de garder les mêmes proportions et la même structure que le document d'origine.</p>
               <p>Saut de page : les sauts de page sont indiqués selon la même structure que le document d'origine par un "pb" pour en faciliter la lecture par rapport au document manuscrit</p>
            </segmentation>
            <normalization source="https://fr.wiktionary.org/wiki/vostre"><p>les abréviations "vre" sont systématiquement développé en "vostre"</p> </normalization>
            <punctuation><p>La ponctuation est modernisée selon les besoins pour une meilleure compréhension du texte.</p></punctuation>
         </editorialDecl>
         <tagsDecl>
            <rendition xml:id="it" scheme="css"
               selector="foreign, la"> font-style: italic; </rendition>
            <namespace name="http://www.tei-c.org/ns/1.0">
               <tagUsage gi="placeName" occurs="7">Pour encadrer les localisations dans le
                  manuscrit.</tagUsage>
               <tagUsage gi="persName" occurs="5">Pour encadrer les noms dans le
                  manuscrit.</tagUsage>
               <tagUsage gi="date" occurs="3">Pour encadrer les dates mentionnées.</tagUsage>
               <tagUsage gi="foreign">Utilisé pour encadrer des mots provenant de langue différant de la langue d'origine du texte.</tagUsage>
            </namespace>
         </tagsDecl>
      </encodingDesc>
   </teiHeader>
   <text>
      <body>
         <div type="correspondance" xml:id="GA-VV.3.11r">
            <salute>
               Scientifficques Doctes &amp; Spectables Seigneurs.<lb/>
            </salute>
            <p>Nous avons entenduz tant par la Relat du Sieur <persName>Chambrier</persName><lb/>
               nostre dépputé que par vos lettres, la bonne affection et<lb/>
               charitable amitÿe que nous portez et a ceste eglise en <lb/>
               nous accordant la personne de Spectable Sieur <persName>Jehan <lb/>
               Jacquemot</persName> pour servir a Dieu et a icelle dont sommes<lb/>
               estés grandement resjouÿs et consolles en vous remerciant <lb/>
               très humblement et vous priant de tousiours vouloir<lb/>
               continuer en telle charitable soing et amÿtie et d’autant <lb/>
               que par icelle reservez que ce sera pour le temps et terme<lb/>
               Seigneurs supérieurs parce qu’au besoing tout ce qui <lb/>
               seroit de nostre possible l’emploÿerions très vollontiers <lb/>
               pour leur en rendre et a vous tres humble service, Sur<lb/>
               ceste asseuranse doncque pour fin prions Dieu.<lb/>
            </p>
            <p>Scientifficques Doctes &amp; spectables Seigneurs vous maintenir en sa saincte et digne garde <lb/>
               de <placeName key="http://www.geonames.org/2659811">Neufchastel</placeName><lb/>
            </p>
            <p>ce <date when="1605-03-19">19e Mars 1605. /</date></p>
           <div type="adresse">
               <p>
                  A Messieurs <lb/>
                  Messieuries les doÿens ministres <lb/>
                  &amp; professeurs de l’église et Classe <lb/>
                  de <placeName key="http://www.geonames.org/2660646">Geneve</placeName> nos singulliers<lb/>
                  bons amis et voÿsins ./.<lb/>
               </p>
           </div>
               <closer>
                     <salute>Vos bien affectionnés amis et<lb/>
                        voisins a vous servir.</salute><lb/>
                     <signed>Les Quattre Ministraulx au nom <lb/>
                        de conseil &amp; comunaulte de la ville de <placeName key="http://www.geonames.org/2659811">Neufchastel</placeName> <lb/></signed>
               </closer>  
         </div>
         <div type="correspondance" xml:id="GA-VV.3.11v">
               <p>Monsieur aÿant pleuz a Dieu visiter de grieve <!-- Insertitude sur la lecture de ce mot --><lb/>
                  malladie la personne de <persName>Monsieur Roÿet</persName> ministre en ceste<lb/>
                  Eglize, lequel tant a cause dicelle que de son eage naÿant<lb/>
                  pas apparence nÿ esperance, quil puisse plus satisffaire<lb/>
                  a sa charge, cest pourquoÿ estant requis ÿ pourvoir <lb/>
                  cest principallement d’un personnage grave dauthorité<lb/>
                  tant pour son savoir meurs &amp; vie affin destre respecté<lb/>
                  et avoir accez envers la Seigneurie &amp; par consecquent<lb/>
                  allendroit du magistrat de la ville. Cest pourquoÿ<lb/>
                  derecheff avons esté occasionnés avoir recours<lb/>
                  aux Magnifficques Seigneurs &amp; aux scientifficques<lb/>
                  de la classe &amp; eglise de la ville de <placeName key="http://www.geonames.org/2660646">Geneve</placeName><lb/>
                  noz chers anciens bons amÿs et voÿsins pour les<lb/>
                  prier nous en accorder charritablement ung propre<lb/> 
                  sellon le lieu ou sommes, sans leur avoir rien osé<lb/>
                  prescripre, Iceux doncques nous aÿant voulluz<lb/> 
                  tesmoigner de plus en plus, leur bonne sincere<lb/> 
                  affection &amp; amÿtié. Louons Dieu quilz aÿent jetté<lb/> 
                  l’oeuil faisant Ellection de vostre personne qui n’eust<lb/>
                  peuz mieux rencontrér, attenduz la Cognoissance<lb/> 
                  que tant vous que nous avons des ungs et des autres,<lb/> 
                  Cest pourquoÿ vous prions doncques quil vous plaise<lb/> 
                  (sellon quil vous a pleuz accepter ladite charge, comme<lb/> 
                  en avons esté <foreign xml:lang="la">sertioré</foreign>  par le <persName>Sire Chambrier</persName>). vous<lb/>			  
                  acheminer au plustost de par de ca que possible sera<lb/> 
                  que si heussione esté asseurés du jour temps et terme<lb/> 
                  de la commodité de vostre deppart avec vostre famille<lb/>
                  vous heussions mandé homme express pour vous<lb/> 
                  accompagner et deffraÿer, ce que pour linsertitude<lb/> 
                  n’avons peuz faire, sependant soit que vostre commodité<lb/> 
                  fust vous ÿ acheminer particullierement attendant<lb/> 
                  que par apres avec plus grande commodité vostre dite<lb/> 
                  famille vint vous trouver on que bien présentement<lb/>
               </p>
            </div>
            <pb/>
         <div type="correspondance" xml:id="GA-VV.3.12r">
               <p>puissiez venir ensemblement, estant cella a vostre obsion <lb/>
                  pour la despence et frais advanciéz quelque chose <lb/>
                  vous sera restitué sinon vous priantz nous advertir <lb/>
                  du jour et temps que vostre comodité seroit pourvoir <lb/>
                  partir affin que vous envoÿssions homme &amp; argent <lb/>
                  pour vous accompagnér. Et sur ce entendant vostre <lb/>
                  aimable responce, nous recommanderons affectueusement <lb/>
                  a vos bonnes graces, en priant Dieu.<lb/>
               </p>
               <p>Monsieur vous augmenter les siennes dignes et sainctes 
                  de <placeName key="http://www.geonames.org/2659811">Neufchastel</placeName> ce <date when="1605-03-19">19e mars 1605</date>.
               </p>
               <div type="adresse">
                  <p>A Scientifficque &amp; spectable <lb/>
                     Seigneur Monseigneur <persName>Jehan<lb/>
                     Jacquemot</persName> fidelle ministre de <lb/>
                     la parolle de Dieu a <placeName key="http://www.geonames.org/2660646">Genesve</placeName> ./.<lb/>
                  </p>
               </div>
            <closer>
                  <signed>
                     Vos bien affectionéz les sieurs<lb/>
                     Quattre ministraulx &amp; conseil <lb/>
                     de la ville de <placeName key="http://www.geonames.org/2659811">Neufchâtel</placeName> ./.<lb/>
                  </signed>
            </closer>
            </div>
      </body>    
  </text>
</TEI>
